log,tiempo,nivel,proveedor,event_id,tarea,mensaje,categoria,url_busqueda
System,2026-08-17T20:18:25.8697294Z,2,Service Control Manager,7000,,"El servicio AntiSuspensionService no pudo iniciarse debido al siguiente error: 
El servicio no respondi a tiempo a la solicitud de inicio o de control.",general,https://www.bing.com/search?q=Windows%20Event%20ID%207000%20Service%20Control%20Manager
System,2026-08-17T20:18:25.8697294Z,2,Service Control Manager,7009,,Se agot el tiempo de espera (45000 ms) para la conexin con el servicio AntiSuspensionService.,general,https://www.bing.com/search?q=Windows%20Event%20ID%207009%20Service%20Control%20Manager
System,2026-08-16T03:20:23.4792145Z,2,Volsnap,36,,Se anularon las instantneas del volumen C: porque el almacenamiento de instantneas no pudo crecer debido a un lmite impuesto por el usuario.,general,https://www.bing.com/search?q=Windows%20Event%20ID%2036%20Volsnap
System,2026-08-16T03:11:06.5922169Z,2,Service Control Manager,7000,,"El servicio AntiSuspensionService no pudo iniciarse debido al siguiente error: 
El servicio no respondi a tiempo a la solicitud de inicio o de control.",general,https://www.bing.com/search?q=Windows%20Event%20ID%207000%20Service%20Control%20Manager
System,2026-08-16T03:11:06.5922169Z,2,Service Control Manager,7009,,Se agot el tiempo de espera (45000 ms) para la conexin con el servicio AntiSuspensionService.,general,https://www.bing.com/search?q=Windows%20Event%20ID%207009%20Service%20Control%20Manager
System,2026-08-16T03:10:33.7812636Z,2,Service Control Manager,7000,,"El servicio AntiSuspensionService no pudo iniciarse debido al siguiente error: 
El servicio no respondi a tiempo a la solicitud de inicio o de control.",general,https://www.bing.com/search?q=Windows%20Event%20ID%207000%20Service%20Control%20Manager
System,2026-08-16T03:10:33.7812636Z,2,Service Control Manager,7009,,Se agot el tiempo de espera (45000 ms) para la conexin con el servicio AntiSuspensionService.,general,https://www.bing.com/search?q=Windows%20Event%20ID%207009%20Service%20Control%20Manager
System,2026-08-16T03:10:06.3804959Z,2,Service Control Manager,7023,,"El servicio Servicio orquestador de actualizaciones se cerr con el siguiente error: 
Se est cerrando el sistema.",general,https://www.bing.com/search?q=Windows%20Event%20ID%207023%20Service%20Control%20Manager
System,2026-08-16T03:10:05.9127736Z,2,Service Control Manager,7023,,"El servicio Servicio de plataforma de dispositivos conectados se cerr con el siguiente error: 
Error no especificado",general,https://www.bing.com/search?q=Windows%20Event%20ID%207023%20Service%20Control%20Manager
System,2026-08-16T03:10:05.6703224Z,2,Service Control Manager,7024,,"El servicio Servicio de transferencia inteligente en segundo plano (BITS) se cerr con el error especfico de servicio 
Se est cerrando el sistema.",general,https://www.bing.com/search?q=Windows%20Event%20ID%207024%20Service%20Control%20Manager
System,2026-08-16T03:10:05.6702444Z,2,Microsoft-Windows-Bits-Client,16392,,Error al iniciar el servicio BITS. Error 0x8007045B.,general,https://www.bing.com/search?q=Windows%20Event%20ID%2016392%20Microsoft-Windows-Bits-Client
System,2026-08-16T03:10:05.4363792Z,2,Service Control Manager,7023,,"El servicio Hora de Windows se cerr con el siguiente error: 
Se est cerrando el sistema.",general,https://www.bing.com/search?q=Windows%20Event%20ID%207023%20Service%20Control%20Manager
System,2026-08-16T03:10:05.4347210Z,2,Microsoft-Windows-Time-Service,46,,El servicio de hora detect un error y se cerr. Error: 0x8007045B: Se est cerrando el sistema.,general,https://www.bing.com/search?q=Windows%20Event%20ID%2046%20Microsoft-Windows-Time-Service
System,2026-08-16T03:10:05.3301787Z,2,Service Control Manager,7023,,"El servicio Security Center se cerr con el siguiente error: 
No se conoce el servicio de autenticacin.",general,https://www.bing.com/search?q=Windows%20Event%20ID%207023%20Service%20Control%20Manager
System,2026-08-16T03:10:05.1708747Z,2,Service Control Manager,7023,,"El servicio Administrador de mapas descargado se cerr con el siguiente error: 
Se est cerrando el sistema.",general,https://www.bing.com/search?q=Windows%20Event%20ID%207023%20Service%20Control%20Manager
System,2026-08-16T03:07:49.7212240Z,2,Service Control Manager,7000,,"El servicio AntiSuspensionService no pudo iniciarse debido al siguiente error: 
El servicio no respondi a tiempo a la solicitud de inicio o de control.",general,https://www.bing.com/search?q=Windows%20Event%20ID%207000%20Service%20Control%20Manager
System,2026-08-16T03:07:49.7212240Z,2,Service Control Manager,7009,,Se agot el tiempo de espera (45000 ms) para la conexin con el servicio AntiSuspensionService.,general,https://www.bing.com/search?q=Windows%20Event%20ID%207009%20Service%20Control%20Manager
Application,2026-08-16T01:11:42.6825241Z,2,DPTF,17,,"ESIF(8.7.10700.22502) TYPE: ERROR MODULE: DPTF TIME 179490 ms

DPTF Build Version:  8.7.10700.22502
DPTF Build Date:  Jul 23 2021 16:15:15
Source File:  C:\jenkins\workspace\dptf\Src\DPTF\Sources\Manager\WorkItem.cpp @ line 208
Executing Function:  WorkItem::writeWorkItemErrorMessagePolicy
Message:  Unhandled exception caught during execution of work item
Framework Event:  PolicyPassiveTableChanged [58]
Policy:  Passive Policy 2 [1]
Exception Function:  Policy::executePolicyPassiveTableChanged
Exception Text:  
Failed to set temperature thresholds: Could not set one or both temperature thresholds.",general,https://www.bing.com/search?q=Windows%20Event%20ID%2017%20DPTF
Application,2026-08-16T01:11:42.6816126Z,2,DPTF,17,,"ESIF(8.7.10700.22502) TYPE: ERROR MODULE: DPTF TIME 179489 ms

DPTF Build Version:  8.7.10700.22502
DPTF Build Date:  Jul 23 2021 16:15:15
Source File:  C:\jenkins\workspace\dptf\Src\DPTF\Sources\Manager\WorkItem.cpp @ line 208
Executing Function:  WorkItem::writeWorkItemErrorMessagePolicy
Message:  Unhandled exception caught during execution of work item
Framework Event:  PolicyPassiveTableChanged [58]
Policy:  Passive Policy 2 [1]
Exception Function:  Policy::executePolicyPassiveTableChanged
Exception Text:  
Failed to set temperature thresholds: Could not set one or both temperature thresholds.",general,https://www.bing.com/search?q=Windows%20Event%20ID%2017%20DPTF
System,2026-08-16T01:09:00.3180050Z,2,Service Control Manager,7000,,"El servicio AntiSuspensionService no pudo iniciarse debido al siguiente error: 
El servicio no respondi a tiempo a la solicitud de inicio o de control.",general,https://www.bing.com/search?q=Windows%20Event%20ID%207000%20Service%20Control%20Manager
System,2026-08-16T01:09:00.3180050Z,2,Service Control Manager,7009,,Se agot el tiempo de espera (45000 ms) para la conexin con el servicio AntiSuspensionService.,general,https://www.bing.com/search?q=Windows%20Event%20ID%207009%20Service%20Control%20Manager
Application,2026-08-16T01:08:57.3125432Z,2,DPTF,17,,"ESIF(8.7.10700.22502) TYPE: ERROR MODULE: SERVICE FUNC: EsifSvcPrimitiveExec FILE: esif_uf_service.c LINE: 171 TIME: 14115 ms

The app was not found from handle",general,https://www.bing.com/search?q=Windows%20Event%20ID%2017%20DPTF
Application,2026-08-16T01:08:57.3123083Z,2,DPTF,17,,"ESIF(8.7.10700.22502) TYPE: ERROR MODULE: SERVICE FUNC: EsifSvcPrimitiveExec FILE: esif_uf_service.c LINE: 171 TIME: 14115 ms

The app was not found from handle",general,https://www.bing.com/search?q=Windows%20Event%20ID%2017%20DPTF
Application,2026-08-16T01:08:57.3122400Z,2,DPTF,17,,"ESIF(8.7.10700.22502) TYPE: ERROR MODULE: SERVICE FUNC: EsifSvcPrimitiveExec FILE: esif_uf_service.c LINE: 171 TIME: 14115 ms

The app was not found from handle",general,https://www.bing.com/search?q=Windows%20Event%20ID%2017%20DPTF
Application,2026-08-16T01:08:57.3119678Z,2,DPTF,17,,"ESIF(8.7.10700.22502) TYPE: ERROR MODULE: SERVICE FUNC: EsifSvcPrimitiveExec FILE: esif_uf_service.c LINE: 171 TIME: 14115 ms

The app was not found from handle",general,https://www.bing.com/search?q=Windows%20Event%20ID%2017%20DPTF
Application,2026-08-16T01:08:57.3118594Z,2,DPTF,17,,"ESIF(8.7.10700.22502) TYPE: ERROR MODULE: SERVICE FUNC: EsifSvcPrimitiveExec FILE: esif_uf_service.c LINE: 171 TIME: 14114 ms

The app was not found from handle",general,https://www.bing.com/search?q=Windows%20Event%20ID%2017%20DPTF
Application,2026-08-16T01:08:57.3116790Z,2,DPTF,17,,"ESIF(8.7.10700.22502) TYPE: ERROR MODULE: SERVICE FUNC: EsifSvcPrimitiveExec FILE: esif_uf_service.c LINE: 171 TIME: 14114 ms

The app was not found from handle",general,https://www.bing.com/search?q=Windows%20Event%20ID%2017%20DPTF
Application,2026-08-16T01:08:57.3114982Z,2,DPTF,17,,"ESIF(8.7.10700.22502) TYPE: ERROR MODULE: SERVICE FUNC: EsifSvcPrimitiveExec FILE: esif_uf_service.c LINE: 171 TIME: 14114 ms

The app was not found from handle",general,https://www.bing.com/search?q=Windows%20Event%20ID%2017%20DPTF
Application,2026-08-16T01:08:57.3113941Z,2,DPTF,17,,"ESIF(8.7.10700.22502) TYPE: ERROR MODULE: SERVICE FUNC: EsifSvcPrimitiveExec FILE: esif_uf_service.c LINE: 171 TIME: 14114 ms

The app was not found from handle",general,https://www.bing.com/search?q=Windows%20Event%20ID%2017%20DPTF
Application,2026-08-16T01:08:57.3113172Z,2,DPTF,17,,"ESIF(8.7.10700.22502) TYPE: ERROR MODULE: SERVICE FUNC: EsifSvcPrimitiveExec FILE: esif_uf_service.c LINE: 171 TIME: 14114 ms

The app was not found from handle",general,https://www.bing.com/search?q=Windows%20Event%20ID%2017%20DPTF
Application,2026-08-16T01:08:57.3112477Z,2,DPTF,17,,"ESIF(8.7.10700.22502) TYPE: ERROR MODULE: SERVICE FUNC: EsifSvcPrimitiveExec FILE: esif_uf_service.c LINE: 171 TIME: 14114 ms

The app was not found from handle",general,https://www.bing.com/search?q=Windows%20Event%20ID%2017%20DPTF
Application,2026-08-16T01:08:57.3111742Z,2,DPTF,17,,"ESIF(8.7.10700.22502) TYPE: ERROR MODULE: SERVICE FUNC: EsifSvcPrimitiveExec FILE: esif_uf_service.c LINE: 171 TIME: 14114 ms

The app was not found from handle",general,https://www.bing.com/search?q=Windows%20Event%20ID%2017%20DPTF
Application,2026-08-16T01:08:57.3110849Z,2,DPTF,17,,"ESIF(8.7.10700.22502) TYPE: ERROR MODULE: SERVICE FUNC: EsifSvcPrimitiveExec FILE: esif_uf_service.c LINE: 171 TIME: 14114 ms

The app was not found from handle",general,https://www.bing.com/search?q=Windows%20Event%20ID%2017%20DPTF
Application,2026-08-16T01:08:57.3110281Z,2,DPTF,17,,"ESIF(8.7.10700.22502) TYPE: ERROR MODULE: SERVICE FUNC: EsifSvcPrimitiveExec FILE: esif_uf_service.c LINE: 171 TIME: 14114 ms

The app was not found from handle",general,https://www.bing.com/search?q=Windows%20Event%20ID%2017%20DPTF
Application,2026-08-16T01:08:57.3109733Z,2,DPTF,17,,"ESIF(8.7.10700.22502) TYPE: ERROR MODULE: SERVICE FUNC: EsifSvcPrimitiveExec FILE: esif_uf_service.c LINE: 171 TIME: 14114 ms

The app was not found from handle",general,https://www.bing.com/search?q=Windows%20Event%20ID%2017%20DPTF
Application,2026-08-16T01:08:57.3109202Z,2,DPTF,17,,"ESIF(8.7.10700.22502) TYPE: ERROR MODULE: SERVICE FUNC: EsifSvcPrimitiveExec FILE: esif_uf_service.c LINE: 171 TIME: 14114 ms

The app was not found from handle",general,https://www.bing.com/search?q=Windows%20Event%20ID%2017%20DPTF
Application,2026-08-16T01:08:57.3108652Z,2,DPTF,17,,"ESIF(8.7.10700.22502) TYPE: ERROR MODULE: SERVICE FUNC: EsifSvcPrimitiveExec FILE: esif_uf_service.c LINE: 171 TIME: 14113 ms

The app was not found from handle",general,https://www.bing.com/search?q=Windows%20Event%20ID%2017%20DPTF
Application,2026-08-16T01:08:57.3108088Z,2,DPTF,17,,"ESIF(8.7.10700.22502) TYPE: ERROR MODULE: SERVICE FUNC: EsifSvcPrimitiveExec FILE: esif_uf_service.c LINE: 171 TIME: 14113 ms

The app was not found from handle",general,https://www.bing.com/search?q=Windows%20Event%20ID%2017%20DPTF
Application,2026-08-16T01:08:57.3107229Z,2,DPTF,17,,"ESIF(8.7.10700.22502) TYPE: ERROR MODULE: SERVICE FUNC: EsifSvcPrimitiveExec FILE: esif_uf_service.c LINE: 171 TIME: 14113 ms

The app was not found from handle",general,https://www.bing.com/search?q=Windows%20Event%20ID%2017%20DPTF
Application,2026-08-16T01:08:57.3106118Z,2,DPTF,17,,"ESIF(8.7.10700.22502) TYPE: ERROR MODULE: SERVICE FUNC: EsifSvcPrimitiveExec FILE: esif_uf_service.c LINE: 171 TIME: 14113 ms

The app was not found from handle",general,https://www.bing.com/search?q=Windows%20Event%20ID%2017%20DPTF
Application,2026-08-16T01:08:57.3105613Z,2,DPTF,17,,"ESIF(8.7.10700.22502) TYPE: ERROR MODULE: SERVICE FUNC: EsifSvcPrimitiveExec FILE: esif_uf_service.c LINE: 171 TIME: 14113 ms

The app was not found from handle",general,https://www.bing.com/search?q=Windows%20Event%20ID%2017%20DPTF
Application,2026-08-16T01:08:57.3105108Z,2,DPTF,17,,"ESIF(8.7.10700.22502) TYPE: ERROR MODULE: SERVICE FUNC: EsifSvcPrimitiveExec FILE: esif_uf_service.c LINE: 171 TIME: 14113 ms

The app was not found from handle",general,https://www.bing.com/search?q=Windows%20Event%20ID%2017%20DPTF
Application,2026-08-16T01:08:57.3104363Z,2,DPTF,17,,"ESIF(8.7.10700.22502) TYPE: ERROR MODULE: SERVICE FUNC: EsifSvcPrimitiveExec FILE: esif_uf_service.c LINE: 171 TIME: 14113 ms

The app was not found from handle",general,https://www.bing.com/search?q=Windows%20Event%20ID%2017%20DPTF
Application,2026-08-16T01:08:57.3100267Z,2,DPTF,17,,"ESIF(8.7.10700.22502) TYPE: ERROR MODULE: SERVICE FUNC: EsifSvcPrimitiveExec FILE: esif_uf_service.c LINE: 171 TIME: 14113 ms

The app was not found from handle",general,https://www.bing.com/search?q=Windows%20Event%20ID%2017%20DPTF
Application,2026-08-16T01:08:57.3099740Z,2,DPTF,17,,"ESIF(8.7.10700.22502) TYPE: ERROR MODULE: SERVICE FUNC: EsifSvcPrimitiveExec FILE: esif_uf_service.c LINE: 171 TIME: 14113 ms

The app was not found from handle",general,https://www.bing.com/search?q=Windows%20Event%20ID%2017%20DPTF
Application,2026-08-16T01:08:57.3099200Z,2,DPTF,17,,"ESIF(8.7.10700.22502) TYPE: ERROR MODULE: SERVICE FUNC: EsifSvcPrimitiveExec FILE: esif_uf_service.c LINE: 171 TIME: 14113 ms

The app was not found from handle",general,https://www.bing.com/search?q=Windows%20Event%20ID%2017%20DPTF
Application,2026-08-16T01:08:57.3098486Z,2,DPTF,17,,"ESIF(8.7.10700.22502) TYPE: ERROR MODULE: SERVICE FUNC: EsifSvcPrimitiveExec FILE: esif_uf_service.c LINE: 171 TIME: 14112 ms

The app was not found from handle",general,https://www.bing.com/search?q=Windows%20Event%20ID%2017%20DPTF
Application,2026-08-16T01:08:57.3097962Z,2,DPTF,17,,"ESIF(8.7.10700.22502) TYPE: ERROR MODULE: SERVICE FUNC: EsifSvcPrimitiveExec FILE: esif_uf_service.c LINE: 171 TIME: 14112 ms

The app was not found from handle",general,https://www.bing.com/search?q=Windows%20Event%20ID%2017%20DPTF
Application,2026-08-16T01:08:57.3097415Z,2,DPTF,17,,"ESIF(8.7.10700.22502) TYPE: ERROR MODULE: SERVICE FUNC: EsifSvcPrimitiveExec FILE: esif_uf_service.c LINE: 171 TIME: 14112 ms

The app was not found from handle",general,https://www.bing.com/search?q=Windows%20Event%20ID%2017%20DPTF
Application,2026-08-16T01:08:57.3096901Z,2,DPTF,17,,"ESIF(8.7.10700.22502) TYPE: ERROR MODULE: SERVICE FUNC: EsifSvcPrimitiveExec FILE: esif_uf_service.c LINE: 171 TIME: 14112 ms

The app was not found from handle",general,https://www.bing.com/search?q=Windows%20Event%20ID%2017%20DPTF
Application,2026-08-16T01:08:57.3096378Z,2,DPTF,17,,"ESIF(8.7.10700.22502) TYPE: ERROR MODULE: SERVICE FUNC: EsifSvcPrimitiveExec FILE: esif_uf_service.c LINE: 171 TIME: 14112 ms

The app was not found from handle",general,https://www.bing.com/search?q=Windows%20Event%20ID%2017%20DPTF
Application,2026-08-16T01:08:57.3095873Z,2,DPTF,17,,"ESIF(8.7.10700.22502) TYPE: ERROR MODULE: SERVICE FUNC: EsifSvcPrimitiveExec FILE: esif_uf_service.c LINE: 171 TIME: 14112 ms

The app was not found from handle",general,https://www.bing.com/search?q=Windows%20Event%20ID%2017%20DPTF
Application,2026-08-16T01:08:57.3095358Z,2,DPTF,17,,"ESIF(8.7.10700.22502) TYPE: ERROR MODULE: SERVICE FUNC: EsifSvcPrimitiveExec FILE: esif_uf_service.c LINE: 171 TIME: 14112 ms

The app was not found from handle",general,https://www.bing.com/search?q=Windows%20Event%20ID%2017%20DPTF
Application,2026-08-16T01:08:57.3094373Z,2,DPTF,17,,"ESIF(8.7.10700.22502) TYPE: ERROR MODULE: SERVICE FUNC: EsifSvcPrimitiveExec FILE: esif_uf_service.c LINE: 171 TIME: 14112 ms

The app was not found from handle",general,https://www.bing.com/search?q=Windows%20Event%20ID%2017%20DPTF
Application,2026-08-16T01:08:57.0346257Z,2,DPTF,17,,"ESIF(8.7.10700.22502) TYPE: ERROR MODULE: SERVICE FUNC: EsifSvcPrimitiveExec FILE: esif_uf_service.c LINE: 171 TIME: 13837 ms

The app was not found from handle",general,https://www.bing.com/search?q=Windows%20Event%20ID%2017%20DPTF
Application,2026-08-05T16:56:41.9970533Z,2,Application Error,1000,Eventos de bloqueo de aplicacin,"Nombre de aplicacin con errores: AsusWiFiSmartConnect.exe, versin: 1.0.4.0, marca de tiempo: 0x68e5d716
Nombre del mdulo con errores: AsusWiFiSmartConnect.exe, versin: 1.0.4.0, marca de tiempo: 0x68e5d716
Cdigo de excepcin: 0xc0000005
Desplazamiento con errores: 0x00000000000069c9
Id. de proceso con errores: 0x14E8
Tiempo de inicio de aplicacin con errores: 0x1DD24F86D27D137
Ruta de aplicacin con errores: C:\WINDOWS\System32\DriverStore\FileRepository\asussci2.inf_amd64_3642f6b2eb6cd5d1\ASUSOptimization\AsusWiFiSmartConnect.exe
Ruta de mdulo con errores: C:\WINDOWS\System32\DriverStore\FileRepository\asussci2.inf_amd64_3642f6b2eb6cd5d1\ASUSOptimization\AsusWiFiSmartConnect.exe
Id. de informe: 474765a3-e7e2-4794-a833-6389fdbeb28e
Nombre completo del paquete con errores: 
Id. de aplicacin relacionado con el paquete con errores:",general,https://www.bing.com/search?q=Windows%20Event%20ID%201000%20Application%20Error
System,2026-08-05T16:56:37.5082495Z,2,Microsoft-Windows-DistributedCOM,10010,,El servidor {00000000-0000-0000-0000-000000000000} no se registr con DCOM dentro del tiempo de espera requerido.,general,https://www.bing.com/search?q=Windows%20Event%20ID%2010010%20Microsoft-Windows-DistributedCOM
System,2026-08-05T16:56:36.0201632Z,2,Microsoft-Windows-DistributedCOM,10010,,El servidor {00000000-0000-0000-0000-000000000000} no se registr con DCOM dentro del tiempo de espera requerido.,general,https://www.bing.com/search?q=Windows%20Event%20ID%2010010%20Microsoft-Windows-DistributedCOM
System,2026-08-05T16:56:35.9921613Z,2,Microsoft-Windows-DistributedCOM,10010,,El servidor {00000000-0000-0000-0000-000000000000} no se registr con DCOM dentro del tiempo de espera requerido.,general,https://www.bing.com/search?q=Windows%20Event%20ID%2010010%20Microsoft-Windows-DistributedCOM
System,2026-08-05T16:56:35.9891625Z,2,Microsoft-Windows-DistributedCOM,10010,,El servidor {00000000-0000-0000-0000-000000000000} no se registr con DCOM dentro del tiempo de espera requerido.,general,https://www.bing.com/search?q=Windows%20Event%20ID%2010010%20Microsoft-Windows-DistributedCOM
System,2026-08-05T16:56:35.9551622Z,2,Microsoft-Windows-DistributedCOM,10010,,El servidor {00000000-0000-0000-0000-000000000000} no se registr con DCOM dentro del tiempo de espera requerido.,general,https://www.bing.com/search?q=Windows%20Event%20ID%2010010%20Microsoft-Windows-DistributedCOM
System,2026-08-05T16:56:35.8946202Z,2,Microsoft-Windows-DistributedCOM,10010,,El servidor {00000000-0000-0000-0000-000000000000} no se registr con DCOM dentro del tiempo de espera requerido.,general,https://www.bing.com/search?q=Windows%20Event%20ID%2010010%20Microsoft-Windows-DistributedCOM
System,2026-08-05T16:56:35.8776209Z,2,Microsoft-Windows-DistributedCOM,10010,,El servidor {00000000-0000-0000-0000-000000000000} no se registr con DCOM dentro del tiempo de espera requerido.,general,https://www.bing.com/search?q=Windows%20Event%20ID%2010010%20Microsoft-Windows-DistributedCOM
System,2026-08-05T16:56:35.6000114Z,2,Microsoft-Windows-DistributedCOM,10010,,El servidor {00000000-0000-0000-0000-000000000000} no se registr con DCOM dentro del tiempo de espera requerido.,general,https://www.bing.com/search?q=Windows%20Event%20ID%2010010%20Microsoft-Windows-DistributedCOM
System,2026-08-05T16:56:35.0220375Z,2,Microsoft-Windows-DistributedCOM,10010,,El servidor {00000000-0000-0000-0000-000000000000} no se registr con DCOM dentro del tiempo de espera requerido.,general,https://www.bing.com/search?q=Windows%20Event%20ID%2010010%20Microsoft-Windows-DistributedCOM
System,2026-08-05T16:56:34.9980350Z,2,Microsoft-Windows-DistributedCOM,10010,,El servidor {00000000-0000-0000-0000-000000000000} no se registr con DCOM dentro del tiempo de espera requerido.,general,https://www.bing.com/search?q=Windows%20Event%20ID%2010010%20Microsoft-Windows-DistributedCOM
System,2026-08-05T16:56:34.6008255Z,2,Microsoft-Windows-DistributedCOM,10010,,El servidor B9ECED6F.ASUSPCAssistant_4.0.71.0_x64__qmba6cd70vzyy!App.AppX7kzebfqmdxej6ev77x78grbnx1efgwnw.mca no se registr con DCOM dentro del tiempo de espera requerido.,general,https://www.bing.com/search?q=Windows%20Event%20ID%2010010%20Microsoft-Windows-DistributedCOM
System,2026-08-05T16:56:34.4552834Z,2,Microsoft-Windows-DistributedCOM,10010,,El servidor MicrosoftWindows.Client.OOBE_1000.26100.52.0_x64__cw5n1h2txyewy!WindowsOobeAppHost.AppXazz2fmsms55yr4xg02q6c98kcsd07tkt.mca no se registr con DCOM dentro del tiempo de espera requerido.,general,https://www.bing.com/search?q=Windows%20Event%20ID%2010010%20Microsoft-Windows-DistributedCOM
System,2026-08-05T16:56:34.2572127Z,2,Microsoft-Windows-DistributedCOM,10010,,El servidor {00000000-0000-0000-0000-000000000000} no se registr con DCOM dentro del tiempo de espera requerido.,general,https://www.bing.com/search?q=Windows%20Event%20ID%2010010%20Microsoft-Windows-DistributedCOM
System,2026-08-05T16:56:34.2326740Z,2,Microsoft-Windows-DistributedCOM,10010,,El servidor {00000000-0000-0000-0000-000000000000} no se registr con DCOM dentro del tiempo de espera requerido.,general,https://www.bing.com/search?q=Windows%20Event%20ID%2010010%20Microsoft-Windows-DistributedCOM
System,2026-08-05T16:56:34.2006587Z,2,Microsoft-Windows-DistributedCOM,10010,,El servidor {00000000-0000-0000-0000-000000000000} no se registr con DCOM dentro del tiempo de espera requerido.,general,https://www.bing.com/search?q=Windows%20Event%20ID%2010010%20Microsoft-Windows-DistributedCOM
System,2026-08-05T16:56:34.1566571Z,2,Microsoft-Windows-DistributedCOM,10010,,El servidor {00000000-0000-0000-0000-000000000000} no se registr con DCOM dentro del tiempo de espera requerido.,general,https://www.bing.com/search?q=Windows%20Event%20ID%2010010%20Microsoft-Windows-DistributedCOM
System,2026-08-05T16:35:31.3244988Z,2,Service Control Manager,7000,,"El servicio AntiSuspensionService no pudo iniciarse debido al siguiente error: 
El servicio no respondi a tiempo a la solicitud de inicio o de control.",general,https://www.bing.com/search?q=Windows%20Event%20ID%207000%20Service%20Control%20Manager
System,2026-08-05T16:35:31.3244988Z,2,Service Control Manager,7009,,Se agot el tiempo de espera (45000 ms) para la conexin con el servicio AntiSuspensionService.,general,https://www.bing.com/search?q=Windows%20Event%20ID%207009%20Service%20Control%20Manager
System,2026-08-05T16:34:58.2056895Z,2,Service Control Manager,7000,,"El servicio AntiSuspensionService no pudo iniciarse debido al siguiente error: 
El servicio no respondi a tiempo a la solicitud de inicio o de control.",general,https://www.bing.com/search?q=Windows%20Event%20ID%207000%20Service%20Control%20Manager
System,2026-08-05T16:34:58.2056895Z,2,Service Control Manager,7009,,Se agot el tiempo de espera (45000 ms) para la conexin con el servicio AntiSuspensionService.,general,https://www.bing.com/search?q=Windows%20Event%20ID%207009%20Service%20Control%20Manager
Application,2026-08-05T16:34:28.8027718Z,2,Application Error,1000,Eventos de bloqueo de aplicacin,"Nombre de aplicacin con errores: AsusWiFiSmartConnect.exe, versin: 1.0.4.0, marca de tiempo: 0x68e5d716
Nombre del mdulo con errores: AsusWiFiSmartConnect.exe, versin: 1.0.4.0, marca de tiempo: 0x68e5d716
Cdigo de excepcin: 0xc0000005
Desplazamiento con errores: 0x00000000000069c9
Id. de proceso con errores: 0x15D4
Tiempo de inicio de aplicacin con errores: 0x1DD24F7F1C9625C
Ruta de aplicacin con errores: C:\WINDOWS\System32\DriverStore\FileRepository\asussci2.inf_amd64_3642f6b2eb6cd5d1\ASUSOptimization\AsusWiFiSmartConnect.exe
Ruta de mdulo con errores: C:\WINDOWS\System32\DriverStore\FileRepository\asussci2.inf_amd64_3642f6b2eb6cd5d1\ASUSOptimization\AsusWiFiSmartConnect.exe
Id. de informe: f05210c9-ce4e-4877-a3dd-a2f8fe2300a3
Nombre completo del paquete con errores: 
Id. de aplicacin relacionado con el paquete con errores:",general,https://www.bing.com/search?q=Windows%20Event%20ID%201000%20Application%20Error
System,2026-08-05T16:34:11.0586602Z,2,Service Control Manager,7023,,"El servicio Servicio orquestador de actualizaciones se cerr con el siguiente error: 
%%2149884192",general,https://www.bing.com/search?q=Windows%20Event%20ID%207023%20Service%20Control%20Manager
System,2026-08-05T16:32:04.0176573Z,2,Service Control Manager,7000,,"El servicio AntiSuspensionService no pudo iniciarse debido al siguiente error: 
El servicio no respondi a tiempo a la solicitud de inicio o de control.",general,https://www.bing.com/search?q=Windows%20Event%20ID%207000%20Service%20Control%20Manager
System,2026-08-05T16:32:04.0176573Z,2,Service Control Manager,7009,,Se agot el tiempo de espera (45000 ms) para la conexin con el servicio AntiSuspensionService.,general,https://www.bing.com/search?q=Windows%20Event%20ID%207009%20Service%20Control%20Manager
System,2026-08-05T16:29:25.2380633Z,2,Microsoft-Windows-DistributedCOM,10005,,"Error de DCOM ""1115"" al intentar iniciar el servicio wuauserv con argumentos ""No disponible"" para ejecutar el servidor:
{E60687F7-01A1-40AA-86AC-DB1CBF673334}",general,https://www.bing.com/search?q=Windows%20Event%20ID%2010005%20Microsoft-Windows-DistributedCOM
System,2026-08-05T16:29:25.2270710Z,2,Microsoft-Windows-DistributedCOM,10005,,"Error de DCOM ""1115"" al intentar iniciar el servicio wuauserv con argumentos ""No disponible"" para ejecutar el servidor:
{E60687F7-01A1-40AA-86AC-DB1CBF673334}",general,https://www.bing.com/search?q=Windows%20Event%20ID%2010005%20Microsoft-Windows-DistributedCOM
System,2026-08-05T16:27:55.8669906Z,2,Microsoft-Windows-DistributedCOM,10010,,El servidor B9ECED6F.ASUSPCAssistant_4.0.71.0_x64__qmba6cd70vzyy!App.AppX7kzebfqmdxej6ev77x78grbnx1efgwnw.mca no se registr con DCOM dentro del tiempo de espera requerido.,general,https://www.bing.com/search?q=Windows%20Event%20ID%2010010%20Microsoft-Windows-DistributedCOM
Application,2026-08-05T15:51:47.8633885Z,2,Microsoft-Windows-CertificateServicesClient-CertEnroll,87,,"Error en la inscripcin de certificados de SCEP para Sistema local a travs de https://INTC-KeyId-e7083f22152a7492ec59b0c4243437648b15dbb7.microsoftaik.azure.net/templates/Aik/scep:

PkiStatus(11): SCEPDispositionPendingChallenge
EnrollStatus(32): EnrollUnknown
La operacin se complet correctamente. 0x0 (WIN32: 0)
SubmitDone
SubmitV2Attestation: Bad Request
{""Message"":""V2 Protocol AIK certificate requests with P-256 ECC public keys are not supported. Public key algorithm: 1.2.840.10045.2.1, Key length: 256.""}
HTTP/1.1 400 Bad Request
Date: Wed, 05 Aug 2026 15:51:46 GMT
Content-Length: 154
Content-Type: application/json; charset=utf-8
X-Content-Type-Options: nosniff
Strict-Transport-Security: max-age=31536000;includeSubDomains
x-ms-request-id: 003aa5a0-75a1-4f73-a239-130f7894f9f4

Mtodo: POST(2469ms)
Fase: SubmitDone
Solicitud incorrecta (400). 0x80190190 (-2145844848 HTTP_E_STATUS_BAD_REQUEST)",general,https://www.bing.com/search?q=Windows%20Event%20ID%2087%20Microsoft-Windows-CertificateServicesClient-CertEnroll
System,2026-08-05T15:50:55.2313230Z,2,Service Control Manager,7000,,"El servicio AntiSuspensionService no pudo iniciarse debido al siguiente error: 
El servicio no respondi a tiempo a la solicitud de inicio o de control.",general,https://www.bing.com/search?q=Windows%20Event%20ID%207000%20Service%20Control%20Manager
System,2026-08-05T15:50:55.2313230Z,2,Service Control Manager,7009,,Se agot el tiempo de espera (45000 ms) para la conexin con el servicio AntiSuspensionService.,general,https://www.bing.com/search?q=Windows%20Event%20ID%207009%20Service%20Control%20Manager
Application,2026-08-02T07:58:40.3357446Z,2,Microsoft-Windows-CertificateServicesClient-CertEnroll,87,,"Error en la inscripcin de certificados de SCEP para Sistema local a travs de https://INTC-KeyId-e7083f22152a7492ec59b0c4243437648b15dbb7.microsoftaik.azure.net/templates/Aik/scep:

PkiStatus(11): SCEPDispositionPendingChallenge
EnrollStatus(32): EnrollUnknown
La operacin se complet correctamente. 0x0 (WIN32: 0)
SubmitDone
SubmitV2Attestation: Bad Request
{""Message"":""V2 Protocol AIK certificate requests with P-256 ECC public keys are not supported. Public key algorithm: 1.2.840.10045.2.1, Key length: 256.""}
HTTP/1.1 400 Bad Request
Date: Sun, 02 Aug 2026 07:58:39 GMT
Content-Length: 154
Content-Type: application/json; charset=utf-8
X-Content-Type-Options: nosniff
Strict-Transport-Security: max-age=31536000;includeSubDomains
x-ms-request-id: 657877ce-d00e-4d14-9fe2-fff89e9691b6

Mtodo: POST(1734ms)
Fase: SubmitDone
Solicitud incorrecta (400). 0x80190190 (-2145844848 HTTP_E_STATUS_BAD_REQUEST)",general,https://www.bing.com/search?q=Windows%20Event%20ID%2087%20Microsoft-Windows-CertificateServicesClient-CertEnroll
System,2026-08-02T07:57:49.4535142Z,2,Service Control Manager,7000,,"El servicio AntiSuspensionService no pudo iniciarse debido al siguiente error: 
El servicio no respondi a tiempo a la solicitud de inicio o de control.",general,https://www.bing.com/search?q=Windows%20Event%20ID%207000%20Service%20Control%20Manager
System,2026-08-02T07:57:49.4515022Z,2,Service Control Manager,7009,,Se agot el tiempo de espera (45000 ms) para la conexin con el servicio AntiSuspensionService.,general,https://www.bing.com/search?q=Windows%20Event%20ID%207009%20Service%20Control%20Manager
System,2026-08-01T12:30:46.0987384Z,2,Microsoft-Windows-DistributedCOM,10010,,El servidor {00000000-0000-0000-0000-000000000000} no se registr con DCOM dentro del tiempo de espera requerido.,general,https://www.bing.com/search?q=Windows%20Event%20ID%2010010%20Microsoft-Windows-DistributedCOM
System,2026-08-01T12:30:44.7781827Z,2,Microsoft-Windows-DistributedCOM,10010,,El servidor {00000000-0000-0000-0000-000000000000} no se registr con DCOM dentro del tiempo de espera requerido.,general,https://www.bing.com/search?q=Windows%20Event%20ID%2010010%20Microsoft-Windows-DistributedCOM
Application,2026-08-01T05:14:47.8785541Z,2,Microsoft-Windows-CertificateServicesClient-CertEnroll,87,,"Error en la inscripcin de certificados de SCEP para Sistema local a travs de https://INTC-KeyId-e7083f22152a7492ec59b0c4243437648b15dbb7.microsoftaik.azure.net/templates/Aik/scep:

PkiStatus(11): SCEPDispositionPendingChallenge
EnrollStatus(32): EnrollUnknown
La operacin se complet correctamente. 0x0 (WIN32: 0)
SubmitDone
SubmitV2Attestation: Bad Request
{""Message"":""V2 Protocol AIK certificate requests with P-256 ECC public keys are not supported. Public key algorithm: 1.2.840.10045.2.1, Key length: 256.""}
HTTP/1.1 400 Bad Request
Date: Sat, 01 Aug 2026 05:14:47 GMT
Content-Length: 154
Content-Type: application/json; charset=utf-8
X-Content-Type-Options: nosniff
Strict-Transport-Security: max-age=31536000;includeSubDomains
x-ms-request-id: e323fcae-23ce-433e-9609-4942ead11a3a

Mtodo: POST(2828ms)
Fase: SubmitDone
Solicitud incorrecta (400). 0x80190190 (-2145844848 HTTP_E_STATUS_BAD_REQUEST)",general,https://www.bing.com/search?q=Windows%20Event%20ID%2087%20Microsoft-Windows-CertificateServicesClient-CertEnroll
System,2026-08-01T05:13:39.5677047Z,2,Service Control Manager,7000,,"El servicio AntiSuspensionService no pudo iniciarse debido al siguiente error: 
El servicio no respondi a tiempo a la solicitud de inicio o de control.",general,https://www.bing.com/search?q=Windows%20Event%20ID%207000%20Service%20Control%20Manager
System,2026-08-01T05:13:39.5677047Z,2,Service Control Manager,7009,,Se agot el tiempo de espera (45000 ms) para la conexin con el servicio AntiSuspensionService.,general,https://www.bing.com/search?q=Windows%20Event%20ID%207009%20Service%20Control%20Manager
Application,2026-07-25T06:11:42.0396583Z,2,Microsoft-Windows-CertificateServicesClient-CertEnroll,87,,"Error en la inscripcin de certificados de SCEP para Sistema local a travs de https://INTC-KeyId-e7083f22152a7492ec59b0c4243437648b15dbb7.microsoftaik.azure.net/templates/Aik/scep:

PkiStatus(11): SCEPDispositionPendingChallenge
EnrollStatus(32): EnrollUnknown
La operacin se complet correctamente. 0x0 (WIN32: 0)
SubmitDone
SubmitV2Attestation: Bad Request
{""Message"":""V2 Protocol AIK certificate requests with P-256 ECC public keys are not supported. Public key algorithm: 1.2.840.10045.2.1, Key length: 256.""}
HTTP/1.1 400 Bad Request
Date: Sat, 25 Jul 2026 06:11:42 GMT
Content-Length: 154
Content-Type: application/json; charset=utf-8
X-Content-Type-Options: nosniff
Strict-Transport-Security: max-age=31536000;includeSubDomains
x-ms-request-id: 18439f9c-c8ec-441b-909d-8ccc80816fc4

Mtodo: POST(3047ms)
Fase: SubmitDone
Solicitud incorrecta (400). 0x80190190 (-2145844848 HTTP_E_STATUS_BAD_REQUEST)",general,https://www.bing.com/search?q=Windows%20Event%20ID%2087%20Microsoft-Windows-CertificateServicesClient-CertEnroll
System,2026-07-25T06:10:57.9645212Z,2,Service Control Manager,7000,,"El servicio AntiSuspensionService no pudo iniciarse debido al siguiente error: 
El servicio no respondi a tiempo a la solicitud de inicio o de control.",general,https://www.bing.com/search?q=Windows%20Event%20ID%207000%20Service%20Control%20Manager
System,2026-07-25T06:10:57.9645212Z,2,Service Control Manager,7009,,Se agot el tiempo de espera (45000 ms) para la conexin con el servicio AntiSuspensionService.,general,https://www.bing.com/search?q=Windows%20Event%20ID%207009%20Service%20Control%20Manager
System,2026-07-25T03:19:29.4349943Z,2,Microsoft-Windows-DistributedCOM,10010,,El servidor {00000000-0000-0000-0000-000000000000} no se registr con DCOM dentro del tiempo de espera requerido.,general,https://www.bing.com/search?q=Windows%20Event%20ID%2010010%20Microsoft-Windows-DistributedCOM
System,2026-07-25T03:19:29.3899985Z,2,Microsoft-Windows-DistributedCOM,10010,,El servidor {00000000-0000-0000-0000-000000000000} no se registr con DCOM dentro del tiempo de espera requerido.,general,https://www.bing.com/search?q=Windows%20Event%20ID%2010010%20Microsoft-Windows-DistributedCOM
Application,2026-07-25T02:37:00.9673037Z,2,Microsoft-Windows-CertificateServicesClient-CertEnroll,87,,"Error en la inscripcin de certificados de SCEP para Sistema local a travs de https://INTC-KeyId-e7083f22152a7492ec59b0c4243437648b15dbb7.microsoftaik.azure.net/templates/Aik/scep:

PkiStatus(11): SCEPDispositionPendingChallenge
EnrollStatus(32): EnrollUnknown
La operacin se complet correctamente. 0x0 (WIN32: 0)
SubmitDone
SubmitV2Attestation: Bad Request
{""Message"":""V2 Protocol AIK certificate requests with P-256 ECC public keys are not supported. Public key algorithm: 1.2.840.10045.2.1, Key length: 256.""}
HTTP/1.1 400 Bad Request
Date: Sat, 25 Jul 2026 02:37:01 GMT
Content-Length: 154
Content-Type: application/json; charset=utf-8
X-Content-Type-Options: nosniff
Strict-Transport-Security: max-age=31536000;includeSubDomains
x-ms-request-id: 36fa8faa-7660-4379-832f-349f9f62e3de

Mtodo: POST(1907ms)
Fase: SubmitDone
Solicitud incorrecta (400). 0x80190190 (-2145844848 HTTP_E_STATUS_BAD_REQUEST)",general,https://www.bing.com/search?q=Windows%20Event%20ID%2087%20Microsoft-Windows-CertificateServicesClient-CertEnroll
System,2026-07-25T02:36:16.3829467Z,2,Service Control Manager,7000,,"El servicio AntiSuspensionService no pudo iniciarse debido al siguiente error: 
El servicio no respondi a tiempo a la solicitud de inicio o de control.",general,https://www.bing.com/search?q=Windows%20Event%20ID%207000%20Service%20Control%20Manager
System,2026-07-25T02:36:16.3829467Z,2,Service Control Manager,7009,,Se agot el tiempo de espera (45000 ms) para la conexin con el servicio AntiSuspensionService.,general,https://www.bing.com/search?q=Windows%20Event%20ID%207009%20Service%20Control%20Manager
Application,2026-07-25T01:14:33.9381290Z,2,Microsoft-Windows-CertificateServicesClient-CertEnroll,87,,"Error en la inscripcin de certificados de SCEP para Sistema local a travs de https://INTC-KeyId-e7083f22152a7492ec59b0c4243437648b15dbb7.microsoftaik.azure.net/templates/Aik/scep:

PkiStatus(11): SCEPDispositionPendingChallenge
EnrollStatus(32): EnrollUnknown
La operacin se complet correctamente. 0x0 (WIN32: 0)
SubmitDone
SubmitV2Attestation: Bad Request
{""Message"":""V2 Protocol AIK certificate requests with P-256 ECC public keys are not supported. Public key algorithm: 1.2.840.10045.2.1, Key length: 256.""}
HTTP/1.1 400 Bad Request
Date: Sat, 25 Jul 2026 01:14:34 GMT
Content-Length: 154
Content-Type: application/json; charset=utf-8
X-Content-Type-Options: nosniff
Strict-Transport-Security: max-age=31536000;includeSubDomains
x-ms-request-id: e7c75000-93ed-4741-ad52-fdef17b6ffd3

Mtodo: POST(1969ms)
Fase: SubmitDone
Solicitud incorrecta (400). 0x80190190 (-2145844848 HTTP_E_STATUS_BAD_REQUEST)",general,https://www.bing.com/search?q=Windows%20Event%20ID%2087%20Microsoft-Windows-CertificateServicesClient-CertEnroll
System,2026-07-25T01:13:51.5698193Z,2,Service Control Manager,7000,,"El servicio AntiSuspensionService no pudo iniciarse debido al siguiente error: 
El servicio no respondi a tiempo a la solicitud de inicio o de control.",general,https://www.bing.com/search?q=Windows%20Event%20ID%207000%20Service%20Control%20Manager
System,2026-07-25T01:13:51.5698193Z,2,Service Control Manager,7009,,Se agot el tiempo de espera (45000 ms) para la conexin con el servicio AntiSuspensionService.,general,https://www.bing.com/search?q=Windows%20Event%20ID%207009%20Service%20Control%20Manager
Application,2026-07-25T01:10:07.8347099Z,2,Microsoft-Windows-User Profiles Service,1512,,"Windows no puede descargar su archivo de Registro. No se ha liberado la memoria usada por el Registro. La causa de este problema suelen ser servicios ejecutndose como cuentas de usuario. Intente configurar los servicios para ejecutarse en la cuenta LocalService o NetworkService.  

 DETALLE - Acceso denegado.",general,https://www.bing.com/search?q=Windows%20Event%20ID%201512%20Microsoft-Windows-User%20Profiles%20Service
System,2026-07-25T01:10:01.6640121Z,2,Microsoft-Windows-DistributedCOM,10010,,El servidor {00000000-0000-0000-0000-000000000000} no se registr con DCOM dentro del tiempo de espera requerido.,general,https://www.bing.com/search?q=Windows%20Event%20ID%2010010%20Microsoft-Windows-DistributedCOM
System,2026-07-25T01:10:01.6401274Z,2,Microsoft-Windows-DistributedCOM,10010,,El servidor {00000000-0000-0000-0000-000000000000} no se registr con DCOM dentro del tiempo de espera requerido.,general,https://www.bing.com/search?q=Windows%20Event%20ID%2010010%20Microsoft-Windows-DistributedCOM
System,2026-07-25T01:10:01.6104584Z,2,Microsoft-Windows-DistributedCOM,10010,,El servidor {00000000-0000-0000-0000-000000000000} no se registr con DCOM dentro del tiempo de espera requerido.,general,https://www.bing.com/search?q=Windows%20Event%20ID%2010010%20Microsoft-Windows-DistributedCOM
System,2026-07-25T01:10:01.5709324Z,2,Microsoft-Windows-DistributedCOM,10010,,El servidor {00000000-0000-0000-0000-000000000000} no se registr con DCOM dentro del tiempo de espera requerido.,general,https://www.bing.com/search?q=Windows%20Event%20ID%2010010%20Microsoft-Windows-DistributedCOM
System,2026-07-25T01:10:01.5412980Z,2,Microsoft-Windows-DistributedCOM,10010,,El servidor {00000000-0000-0000-0000-000000000000} no se registr con DCOM dentro del tiempo de espera requerido.,general,https://www.bing.com/search?q=Windows%20Event%20ID%2010010%20Microsoft-Windows-DistributedCOM
System,2026-07-25T01:10:01.5133156Z,2,Microsoft-Windows-DistributedCOM,10010,,El servidor {00000000-0000-0000-0000-000000000000} no se registr con DCOM dentro del tiempo de espera requerido.,general,https://www.bing.com/search?q=Windows%20Event%20ID%2010010%20Microsoft-Windows-DistributedCOM
System,2026-07-25T01:10:00.9599087Z,2,Microsoft-Windows-DistributedCOM,10010,,El servidor {00000000-0000-0000-0000-000000000000} no se registr con DCOM dentro del tiempo de espera requerido.,general,https://www.bing.com/search?q=Windows%20Event%20ID%2010010%20Microsoft-Windows-DistributedCOM
System,2026-07-25T01:10:00.8508816Z,2,Microsoft-Windows-DistributedCOM,10010,,El servidor {00000000-0000-0000-0000-000000000000} no se registr con DCOM dentro del tiempo de espera requerido.,general,https://www.bing.com/search?q=Windows%20Event%20ID%2010010%20Microsoft-Windows-DistributedCOM
System,2026-07-25T01:09:40.8174257Z,2,Service Control Manager,7000,,"El servicio AntiSuspensionService no pudo iniciarse debido al siguiente error: 
El servicio no respondi a tiempo a la solicitud de inicio o de control.",general,https://www.bing.com/search?q=Windows%20Event%20ID%207000%20Service%20Control%20Manager
System,2026-07-25T01:09:40.8174257Z,2,Service Control Manager,7009,,Se agot el tiempo de espera (45000 ms) para la conexin con el servicio AntiSuspensionService.,general,https://www.bing.com/search?q=Windows%20Event%20ID%207009%20Service%20Control%20Manager
System,2026-07-25T01:09:09.2596359Z,2,Service Control Manager,7043,,El servicio Servicio de seguridad de Windows no se cerr correctamente despus de recibir un control de aviso de apagado.,general,https://www.bing.com/search?q=Windows%20Event%20ID%207043%20Service%20Control%20Manager
Application,2026-07-25T01:08:15.1976226Z,2,Microsoft-Windows-CertificateServicesClient-CertEnroll,87,,"Error en la inscripcin de certificados de SCEP para Sistema local a travs de https://INTC-KeyId-e7083f22152a7492ec59b0c4243437648b15dbb7.microsoftaik.azure.net/templates/Aik/scep:

PkiStatus(11): SCEPDispositionPendingChallenge
EnrollStatus(32): EnrollUnknown
La operacin se complet correctamente. 0x0 (WIN32: 0)
SubmitDone
SubmitV2Attestation: Bad Request
{""Message"":""V2 Protocol AIK certificate requests with P-256 ECC public keys are not supported. Public key algorithm: 1.2.840.10045.2.1, Key length: 256.""}
HTTP/1.1 400 Bad Request
Date: Sat, 25 Jul 2026 01:08:15 GMT
Content-Length: 154
Content-Type: application/json; charset=utf-8
X-Content-Type-Options: nosniff
Strict-Transport-Security: max-age=31536000;includeSubDomains
x-ms-request-id: c18a8d44-724a-4ae4-8a2f-465a3fa844b9

Mtodo: POST(2125ms)
Fase: SubmitDone
Solicitud incorrecta (400). 0x80190190 (-2145844848 HTTP_E_STATUS_BAD_REQUEST)",general,https://www.bing.com/search?q=Windows%20Event%20ID%2087%20Microsoft-Windows-CertificateServicesClient-CertEnroll
System,2026-07-25T01:07:37.9164357Z,2,Service Control Manager,7000,,"El servicio AntiSuspensionService no pudo iniciarse debido al siguiente error: 
El servicio no respondi a tiempo a la solicitud de inicio o de control.",general,https://www.bing.com/search?q=Windows%20Event%20ID%207000%20Service%20Control%20Manager
System,2026-07-25T01:07:37.9164357Z,2,Service Control Manager,7009,,Se agot el tiempo de espera (45000 ms) para la conexin con el servicio AntiSuspensionService.,general,https://www.bing.com/search?q=Windows%20Event%20ID%207009%20Service%20Control%20Manager
Application,2026-07-25T00:36:47.2095837Z,2,Microsoft-Windows-CertificateServicesClient-CertEnroll,87,,"Error en la inscripcin de certificados de SCEP para Sistema local a travs de https://INTC-KeyId-e7083f22152a7492ec59b0c4243437648b15dbb7.microsoftaik.azure.net/templates/Aik/scep:

PkiStatus(11): SCEPDispositionPendingChallenge
EnrollStatus(32): EnrollUnknown
La operacin se complet correctamente. 0x0 (WIN32: 0)
SubmitDone
SubmitV2Attestation: Bad Request
{""Message"":""V2 Protocol AIK certificate requests with P-256 ECC public keys are not supported. Public key algorithm: 1.2.840.10045.2.1, Key length: 256.""}
HTTP/1.1 400 Bad Request
Date: Sat, 25 Jul 2026 00:36:47 GMT
Content-Length: 154
Content-Type: application/json; charset=utf-8
X-Content-Type-Options: nosniff
Strict-Transport-Security: max-age=31536000;includeSubDomains
x-ms-request-id: 6d2ddafd-9757-443e-9140-9fccd11abd92

Mtodo: POST(4250ms)
Fase: SubmitDone
Solicitud incorrecta (400). 0x80190190 (-2145844848 HTTP_E_STATUS_BAD_REQUEST)",general,https://www.bing.com/search?q=Windows%20Event%20ID%2087%20Microsoft-Windows-CertificateServicesClient-CertEnroll
System,2026-07-25T00:35:53.9952155Z,2,Service Control Manager,7000,,"El servicio AntiSuspensionService no pudo iniciarse debido al siguiente error: 
El servicio no respondi a tiempo a la solicitud de inicio o de control.",general,https://www.bing.com/search?q=Windows%20Event%20ID%207000%20Service%20Control%20Manager
System,2026-07-25T00:35:53.9952155Z,2,Service Control Manager,7009,,Se agot el tiempo de espera (45000 ms) para la conexin con el servicio AntiSuspensionService.,general,https://www.bing.com/search?q=Windows%20Event%20ID%207009%20Service%20Control%20Manager
System,2026-07-23T15:28:18.1124362Z,2,Service Control Manager,7000,,"El servicio AntiSuspensionService no pudo iniciarse debido al siguiente error: 
El servicio no respondi a tiempo a la solicitud de inicio o de control.",general,https://www.bing.com/search?q=Windows%20Event%20ID%207000%20Service%20Control%20Manager
System,2026-07-23T15:28:18.1124362Z,2,Service Control Manager,7009,,Se agot el tiempo de espera (45000 ms) para la conexin con el servicio AntiSuspensionService.,general,https://www.bing.com/search?q=Windows%20Event%20ID%207009%20Service%20Control%20Manager
System,2026-07-22T10:33:24.2532418Z,2,Service Control Manager,7000,,"El servicio AntiSuspensionService no pudo iniciarse debido al siguiente error: 
El servicio no respondi a tiempo a la solicitud de inicio o de control.",general,https://www.bing.com/search?q=Windows%20Event%20ID%207000%20Service%20Control%20Manager
System,2026-07-22T10:33:24.2532418Z,2,Service Control Manager,7009,,Se agot el tiempo de espera (45000 ms) para la conexin con el servicio AntiSuspensionService.,general,https://www.bing.com/search?q=Windows%20Event%20ID%207009%20Service%20Control%20Manager
System,2026-07-21T05:10:48.4975515Z,2,Volsnap,36,,Se anularon las instantneas del volumen C: porque el almacenamiento de instantneas no pudo crecer debido a un lmite impuesto por el usuario.,general,https://www.bing.com/search?q=Windows%20Event%20ID%2036%20Volsnap
System,2026-07-21T04:48:03.4123640Z,2,Service Control Manager,7000,,"El servicio AntiSuspensionService no pudo iniciarse debido al siguiente error: 
El servicio no respondi a tiempo a la solicitud de inicio o de control.",general,https://www.bing.com/search?q=Windows%20Event%20ID%207000%20Service%20Control%20Manager
System,2026-07-21T04:48:03.3806445Z,2,Service Control Manager,7009,,Se agot el tiempo de espera (45000 ms) para la conexin con el servicio AntiSuspensionService.,general,https://www.bing.com/search?q=Windows%20Event%20ID%207009%20Service%20Control%20Manager
System,2026-07-21T04:47:29.2663535Z,2,Service Control Manager,7000,,"El servicio AntiSuspensionService no pudo iniciarse debido al siguiente error: 
El servicio no respondi a tiempo a la solicitud de inicio o de control.",general,https://www.bing.com/search?q=Windows%20Event%20ID%207000%20Service%20Control%20Manager
System,2026-07-21T04:47:29.2663535Z,2,Service Control Manager,7009,,Se agot el tiempo de espera (45000 ms) para la conexin con el servicio AntiSuspensionService.,general,https://www.bing.com/search?q=Windows%20Event%20ID%207009%20Service%20Control%20Manager
System,2026-07-21T04:45:37.6627561Z,2,Service Control Manager,7000,,"El servicio AntiSuspensionService no pudo iniciarse debido al siguiente error: 
El servicio no respondi a tiempo a la solicitud de inicio o de control.",general,https://www.bing.com/search?q=Windows%20Event%20ID%207000%20Service%20Control%20Manager
System,2026-07-21T04:45:37.6627561Z,2,Service Control Manager,7009,,Se agot el tiempo de espera (45000 ms) para la conexin con el servicio AntiSuspensionService.,general,https://www.bing.com/search?q=Windows%20Event%20ID%207009%20Service%20Control%20Manager
Application,2026-07-21T04:45:05.1356308Z,2,Application Error,1000,Eventos de bloqueo de aplicacin,"Nombre de aplicacin con errores: AsusWiFiSmartConnect.exe, versin: 1.0.4.0, marca de tiempo: 0x68e5d716
Nombre del mdulo con errores: AsusWiFiSmartConnect.exe, versin: 1.0.4.0, marca de tiempo: 0x68e5d716
Cdigo de excepcin: 0xc0000005
Desplazamiento con errores: 0x0000000000004b24
Id. de proceso con errores: 0x53F8
Tiempo de inicio de aplicacin con errores: 0x1DD18CB8D4F910B
Ruta de aplicacin con errores: C:\WINDOWS\System32\DriverStore\FileRepository\asussci2.inf_amd64_3642f6b2eb6cd5d1\ASUSOptimization\AsusWiFiSmartConnect.exe
Ruta de mdulo con errores: C:\WINDOWS\System32\DriverStore\FileRepository\asussci2.inf_amd64_3642f6b2eb6cd5d1\ASUSOptimization\AsusWiFiSmartConnect.exe
Id. de informe: f1688be4-24c7-4fc9-980d-e2c0ebaffeca
Nombre completo del paquete con errores: 
Id. de aplicacin relacionado con el paquete con errores:",general,https://www.bing.com/search?q=Windows%20Event%20ID%201000%20Application%20Error
System,2026-07-21T02:53:25.6929950Z,2,Service Control Manager,7000,,"El servicio AntiSuspensionService no pudo iniciarse debido al siguiente error: 
El servicio no respondi a tiempo a la solicitud de inicio o de control.",general,https://www.bing.com/search?q=Windows%20Event%20ID%207000%20Service%20Control%20Manager
System,2026-07-21T02:53:25.6909860Z,2,Service Control Manager,7009,,Se agot el tiempo de espera (45000 ms) para la conexin con el servicio AntiSuspensionService.,general,https://www.bing.com/search?q=Windows%20Event%20ID%207009%20Service%20Control%20Manager
System,2026-08-16T05:06:13.7000946Z,4,User32,1074,,"El proceso C:\WINDOWS\SystemApps\Microsoft.Windows.StartMenuExperienceHost_cw5n1h2txyewy\StartMenuExperienceHost.exe (LA_LAP_DE_FELIX) inici el Apagar del equipo LA_LAP_DE_FELIX en nombre del usuario La_lap_de_felix\palom por el siguiente motivo: Otros (no planeado)
 Cdigo de motivo: 0x0
 Tipo de apagado: Apagar
 Comentario:",apagado_planeado,https://www.bing.com/search?q=Windows%20Event%20ID%201074%20User32
System,2026-08-16T03:10:37.5135371Z,4,User32,1074,,"El proceso C:\WINDOWS\servicing\TrustedInstaller.exe (LA_LAP_DE_FELIX) inici el Reinicio del equipo LA_LAP_DE_FELIX en nombre del usuario NT AUTHORITY\SYSTEM por el siguiente motivo: Sistema operativo: actualizacin (planeada)
 Cdigo de motivo: 0x80020003
 Tipo de apagado: Reinicio
 Comentario:",apagado_planeado,https://www.bing.com/search?q=Windows%20Event%20ID%201074%20User32
System,2026-08-16T03:10:00.0689191Z,4,User32,1074,,"El proceso C:\WINDOWS\servicing\TrustedInstaller.exe (LA_LAP_DE_FELIX) inici el Reinicio del equipo LA_LAP_DE_FELIX en nombre del usuario NT AUTHORITY\SYSTEM por el siguiente motivo: Sistema operativo: actualizacin (planeada)
 Cdigo de motivo: 0x80020003
 Tipo de apagado: Reinicio
 Comentario:",apagado_planeado,https://www.bing.com/search?q=Windows%20Event%20ID%201074%20User32
System,2026-08-16T03:06:06.5454671Z,4,User32,1074,,"El proceso C:\WINDOWS\uus\AMD64\MoNotificationUx.exe (LA_LAP_DE_FELIX) inici el Reinicio del equipo LA_LAP_DE_FELIX en nombre del usuario La_lap_de_felix\palom por el siguiente motivo: Sistema operativo: service pack (planeado)
 Cdigo de motivo: 0x80020010
 Tipo de apagado: Reinicio
 Comentario:",apagado_planeado,https://www.bing.com/search?q=Windows%20Event%20ID%201074%20User32
System,2026-08-05T16:56:33.8840533Z,4,User32,1074,,"El proceso C:\WINDOWS\SystemApps\Microsoft.Windows.StartMenuExperienceHost_cw5n1h2txyewy\StartMenuExperienceHost.exe (LA_LAP_DE_FELIX) inici el Apagar del equipo LA_LAP_DE_FELIX en nombre del usuario La_lap_de_felix\palom por el siguiente motivo: Otros (no planeado)
 Cdigo de motivo: 0x0
 Tipo de apagado: Apagar
 Comentario:",apagado_planeado,https://www.bing.com/search?q=Windows%20Event%20ID%201074%20User32
System,2026-08-05T16:35:04.0313151Z,4,User32,1074,,"El proceso C:\WINDOWS\servicing\TrustedInstaller.exe (LA_LAP_DE_FELIX) inici el Reinicio del equipo LA_LAP_DE_FELIX en nombre del usuario NT AUTHORITY\SYSTEM por el siguiente motivo: Sistema operativo: actualizacin (planeada)
 Cdigo de motivo: 0x80020003
 Tipo de apagado: Reinicio
 Comentario:",apagado_planeado,https://www.bing.com/search?q=Windows%20Event%20ID%201074%20User32
System,2026-08-05T16:34:27.3792231Z,4,User32,1074,,"El proceso C:\WINDOWS\servicing\TrustedInstaller.exe (LA_LAP_DE_FELIX) inici el Reinicio del equipo LA_LAP_DE_FELIX en nombre del usuario NT AUTHORITY\SYSTEM por el siguiente motivo: Sistema operativo: actualizacin (planeada)
 Cdigo de motivo: 0x80020003
 Tipo de apagado: Reinicio
 Comentario:",apagado_planeado,https://www.bing.com/search?q=Windows%20Event%20ID%201074%20User32
System,2026-08-05T16:27:54.7026983Z,4,User32,1074,,"El proceso C:\WINDOWS\uus\AMD64\MoNotificationUx.exe (LA_LAP_DE_FELIX) inici el Reinicio del equipo LA_LAP_DE_FELIX en nombre del usuario La_lap_de_felix\palom por el siguiente motivo: Sistema operativo: service pack (planeado)
 Cdigo de motivo: 0x80020010
 Tipo de apagado: Reinicio
 Comentario:",apagado_planeado,https://www.bing.com/search?q=Windows%20Event%20ID%201074%20User32
System,2026-08-02T10:06:28.7917103Z,4,User32,1074,,"El proceso C:\WINDOWS\SystemApps\Microsoft.Windows.StartMenuExperienceHost_cw5n1h2txyewy\StartMenuExperienceHost.exe (LA_LAP_DE_FELIX) inici el Apagar del equipo LA_LAP_DE_FELIX en nombre del usuario La_lap_de_felix\palom por el siguiente motivo: Otros (no planeado)
 Cdigo de motivo: 0x0
 Tipo de apagado: Apagar
 Comentario:",apagado_planeado,https://www.bing.com/search?q=Windows%20Event%20ID%201074%20User32
System,2026-08-01T12:30:44.1829752Z,4,User32,1074,,"El proceso C:\WINDOWS\SystemApps\Microsoft.Windows.StartMenuExperienceHost_cw5n1h2txyewy\StartMenuExperienceHost.exe (LA_LAP_DE_FELIX) inici el Apagar del equipo LA_LAP_DE_FELIX en nombre del usuario La_lap_de_felix\palom por el siguiente motivo: Otros (no planeado)
 Cdigo de motivo: 0x0
 Tipo de apagado: Apagar
 Comentario:",apagado_planeado,https://www.bing.com/search?q=Windows%20Event%20ID%201074%20User32
System,2026-07-25T12:16:12.3151835Z,4,User32,1074,,"El proceso C:\WINDOWS\SystemApps\Microsoft.Windows.StartMenuExperienceHost_cw5n1h2txyewy\StartMenuExperienceHost.exe (LA_LAP_DE_FELIX) inici el Apagar del equipo LA_LAP_DE_FELIX en nombre del usuario La_lap_de_felix\palom por el siguiente motivo: Otros (no planeado)
 Cdigo de motivo: 0x0
 Tipo de apagado: Apagar
 Comentario:",apagado_planeado,https://www.bing.com/search?q=Windows%20Event%20ID%201074%20User32
System,2026-07-25T03:19:27.2782735Z,4,User32,1074,,"El proceso C:\WINDOWS\SystemApps\Microsoft.Windows.StartMenuExperienceHost_cw5n1h2txyewy\StartMenuExperienceHost.exe (LA_LAP_DE_FELIX) inici el Apagar del equipo LA_LAP_DE_FELIX en nombre del usuario La_lap_de_felix\palom por el siguiente motivo: Otros (no planeado)
 Cdigo de motivo: 0x0
 Tipo de apagado: Apagar
 Comentario:",apagado_planeado,https://www.bing.com/search?q=Windows%20Event%20ID%201074%20User32
System,2026-07-25T02:01:27.7439788Z,4,User32,1074,,"El proceso C:\WINDOWS\SystemApps\Microsoft.Windows.StartMenuExperienceHost_cw5n1h2txyewy\StartMenuExperienceHost.exe (LA_LAP_DE_FELIX) inici el Apagar del equipo LA_LAP_DE_FELIX en nombre del usuario La_lap_de_felix\palom por el siguiente motivo: Otros (no planeado)
 Cdigo de motivo: 0x0
 Tipo de apagado: Apagar
 Comentario:",apagado_planeado,https://www.bing.com/search?q=Windows%20Event%20ID%201074%20User32
System,2026-07-25T01:10:00.7286991Z,4,User32,1074,,"El proceso C:\WINDOWS\system32\winlogon.exe (LA_LAP_DE_FELIX) inici el Apagar del equipo LA_LAP_DE_FELIX en nombre del usuario La_lap_de_felix\palom por el siguiente motivo: No se encontraron ttulos para este motivo
 Cdigo de motivo: 0x500ff
 Tipo de apagado: Apagar
 Comentario:",apagado_planeado,https://www.bing.com/search?q=Windows%20Event%20ID%201074%20User32
System,2026-07-25T01:08:47.2954175Z,4,User32,1074,,"El proceso C:\WINDOWS\SystemApps\Microsoft.Windows.StartMenuExperienceHost_cw5n1h2txyewy\StartMenuExperienceHost.exe (LA_LAP_DE_FELIX) inici el Apagar del equipo LA_LAP_DE_FELIX en nombre del usuario La_lap_de_felix\palom por el siguiente motivo: Otros (no planeado)
 Cdigo de motivo: 0x0
 Tipo de apagado: Apagar
 Comentario:",apagado_planeado,https://www.bing.com/search?q=Windows%20Event%20ID%201074%20User32
System,2026-07-25T01:07:08.3348133Z,4,User32,1074,,"El proceso C:\WINDOWS\system32\winlogon.exe (LA_LAP_DE_FELIX) inici el Reinicio del equipo LA_LAP_DE_FELIX en nombre del usuario NT AUTHORITY\SYSTEM por el siguiente motivo: No se encontraron ttulos para este motivo
 Cdigo de motivo: 0x500ff
 Tipo de apagado: Reinicio
 Comentario:",apagado_planeado,https://www.bing.com/search?q=Windows%20Event%20ID%201074%20User32
System,2026-07-23T19:44:19.7131749Z,4,User32,1074,,"El proceso C:\WINDOWS\SystemApps\Microsoft.Windows.StartMenuExperienceHost_cw5n1h2txyewy\StartMenuExperienceHost.exe (LA_LAP_DE_FELIX) inici el Apagar del equipo LA_LAP_DE_FELIX en nombre del usuario La_lap_de_felix\palom por el siguiente motivo: Otros (no planeado)
 Cdigo de motivo: 0x0
 Tipo de apagado: Apagar
 Comentario:",apagado_planeado,https://www.bing.com/search?q=Windows%20Event%20ID%201074%20User32
System,2026-07-22T12:53:53.4086870Z,4,User32,1074,,"El proceso C:\WINDOWS\SystemApps\Microsoft.Windows.StartMenuExperienceHost_cw5n1h2txyewy\StartMenuExperienceHost.exe (LA_LAP_DE_FELIX) inici el Apagar del equipo LA_LAP_DE_FELIX en nombre del usuario La_lap_de_felix\palom por el siguiente motivo: Otros (no planeado)
 Cdigo de motivo: 0x0
 Tipo de apagado: Apagar
 Comentario:",apagado_planeado,https://www.bing.com/search?q=Windows%20Event%20ID%201074%20User32
System,2026-07-21T08:12:18.2024866Z,4,User32,1074,,"El proceso C:\WINDOWS\SystemApps\Microsoft.Windows.StartMenuExperienceHost_cw5n1h2txyewy\StartMenuExperienceHost.exe (LA_LAP_DE_FELIX) inici el Apagar del equipo LA_LAP_DE_FELIX en nombre del usuario La_lap_de_felix\palom por el siguiente motivo: Otros (no planeado)
 Cdigo de motivo: 0x0
 Tipo de apagado: Apagar
 Comentario:",apagado_planeado,https://www.bing.com/search?q=Windows%20Event%20ID%201074%20User32
System,2026-07-21T04:47:32.1243526Z,4,User32,1074,,"El proceso C:\WINDOWS\servicing\TrustedInstaller.exe (LA_LAP_DE_FELIX) inici el Reinicio del equipo LA_LAP_DE_FELIX en nombre del usuario NT AUTHORITY\SYSTEM por el siguiente motivo: Sistema operativo: actualizacin (planeada)
 Cdigo de motivo: 0x80020003
 Tipo de apagado: Reinicio
 Comentario:",apagado_planeado,https://www.bing.com/search?q=Windows%20Event%20ID%201074%20User32
System,2026-07-21T04:46:58.9108185Z,4,User32,1074,,"El proceso C:\WINDOWS\servicing\TrustedInstaller.exe (LA_LAP_DE_FELIX) inici el Reinicio del equipo LA_LAP_DE_FELIX en nombre del usuario NT AUTHORITY\SYSTEM por el siguiente motivo: Sistema operativo: actualizacin (planeada)
 Cdigo de motivo: 0x80020003
 Tipo de apagado: Reinicio
 Comentario:",apagado_planeado,https://www.bing.com/search?q=Windows%20Event%20ID%201074%20User32
System,2026-07-21T04:44:35.7293826Z,4,User32,1074,,"El proceso C:\WINDOWS\uus\AMD64\MoNotificationUx.exe (LA_LAP_DE_FELIX) inici el Reinicio del equipo LA_LAP_DE_FELIX en nombre del usuario La_lap_de_felix\palom por el siguiente motivo: Sistema operativo: service pack (planeado)
 Cdigo de motivo: 0x80020010
 Tipo de apagado: Reinicio
 Comentario:",apagado_planeado,https://www.bing.com/search?q=Windows%20Event%20ID%201074%20User32
